{
  "Mean_Cross_Track_Error": 9.207754244170488,
  "Max_Cross_Track_Error": 147.73033804752686,
  "Mean_Heading_Error": 2.325780997184089,
  "Mean_Absolute_Rudder_Change": 0.04210706429056655
}